5,0,10.331879482,1.86687355037,13.5457647624,6.28514663985,8.83865339241,6.88828856081,2556.37614829,114287.944918,0.853310600571,0.99844600473,2.6898856,-1.1061212,4.74921035713,3.6554781746,4.90708559944,22.2196673219,0.0671915675,0.93948963125,1.762731,-1.7429788,4.28770028291,3.66287509023,0.725552315759,-0.8771533989,10.2029247714,1.87645615796,13.397953,6.1141925,8.82897068083,6.9937111593,2363.81240984,102948.03316
5,1,10.331879482,1.86687355037,13.5457647624,6.28514663985,8.83865339241,6.88828856081,2556.37614829,114287.944918,0.853310600571,0.99844600473,2.6898856,-1.1061212,4.74921035713,3.6554781746,4.90708559944,22.2196673219,0.0671915675,0.93948963125,1.762731,-1.7429788,4.28770028291,3.66287509023,0.725552315759,-0.8771533989,10.2029247714,1.87645615796,13.397953,6.1141925,8.82897068083,6.9937111593,2363.81240984,102948.03316
5,2,10.331879482,1.86687355037,13.5457647624,6.28514663985,8.83865339241,6.88828856081,2556.37614829,114287.944918,0.853310600571,0.99844600473,2.6898856,-1.1061212,4.74921035713,3.6554781746,4.90708559944,22.2196673219,0.0671915675,0.93948963125,1.762731,-1.7429788,4.28770028291,3.66287509023,0.725552315759,-0.8771533989,10.2029247714,1.87645615796,13.397953,6.1141925,8.82897068083,6.9937111593,2363.81240984,102948.03316
5,3,10.331879482,1.86687355037,13.5457647624,6.28514663985,8.83865339241,6.88828856081,2556.37614829,114287.944918,0.853310600571,0.99844600473,2.6898856,-1.1061212,4.74921035713,3.6554781746,4.90708559944,22.2196673219,0.0671915675,0.93948963125,1.762731,-1.7429788,4.28770028291,3.66287509023,0.725552315759,-0.8771533989,10.2029247714,1.87645615796,13.397953,6.1141925,8.82897068083,6.9937111593,2363.81240984,102948.03316
5,4,10.331879482,1.86687355037,13.5457647624,6.28514663985,8.83865339241,6.88828856081,2556.37614829,114287.944918,0.853310600571,0.99844600473,2.6898856,-1.1061212,4.74921035713,3.6554781746,4.90708559944,22.2196673219,0.0671915675,0.93948963125,1.762731,-1.7429788,4.28770028291,3.66287509023,0.725552315759,-0.8771533989,10.2029247714,1.87645615796,13.397953,6.1141925,8.82897068083,6.9937111593,2363.81240984,102948.03316
5,5,10.331879482,1.86687355037,13.5457647624,6.28514663985,8.83865339241,6.88828856081,2556.37614829,114287.944918,0.853310600571,0.99844600473,2.6898856,-1.1061212,4.74921035713,3.6554781746,4.90708559944,22.2196673219,0.0671915675,0.93948963125,1.762731,-1.7429788,4.28770028291,3.66287509023,0.725552315759,-0.8771533989,10.2029247714,1.87645615796,13.397953,6.1141925,8.82897068083,6.9937111593,2363.81240984,102948.03316
5,6,10.331879482,1.86687355037,13.5457647624,6.28514663985,8.83865339241,6.88828856081,2556.37614829,114287.944918,0.853310600571,0.99844600473,2.6898856,-1.1061212,4.74921035713,3.6554781746,4.90708559944,22.2196673219,0.0671915675,0.93948963125,1.762731,-1.7429788,4.28770028291,3.66287509023,0.725552315759,-0.8771533989,10.2029247714,1.87645615796,13.397953,6.1141925,8.82897068083,6.9937111593,2363.81240984,102948.03316
5,7,10.331879482,1.86687355037,13.5457647624,6.28514663985,8.83865339241,6.88828856081,2556.37614829,114287.944918,0.853310600571,0.99844600473,2.6898856,-1.1061212,4.74921035713,3.6554781746,4.90708559944,22.2196673219,0.0671915675,0.93948963125,1.762731,-1.7429788,4.28770028291,3.66287509023,0.725552315759,-0.8771533989,10.2029247714,1.87645615796,13.397953,6.1141925,8.82897068083,6.9937111593,2363.81240984,102948.03316
5,8,10.331879482,1.86687355037,13.5457647624,6.28514663985,8.83865339241,6.88828856081,2556.37614829,114287.944918,0.853310600571,0.99844600473,2.6898856,-1.1061212,4.74921035713,3.6554781746,4.90708559944,22.2196673219,0.0671915675,0.93948963125,1.762731,-1.7429788,4.28770028291,3.66287509023,0.725552315759,-0.8771533989,10.2029247714,1.87645615796,13.397953,6.1141925,8.82897068083,6.9937111593,2363.81240984,102948.03316
5,9,10.331879482,1.86687355037,13.5457647624,6.28514663985,8.83865339241,6.88828856081,2556.37614829,114287.944918,0.853310600571,0.99844600473,2.6898856,-1.1061212,4.74921035713,3.6554781746,4.90708559944,22.2196673219,0.0671915675,0.93948963125,1.762731,-1.7429788,4.28770028291,3.66287509023,0.725552315759,-0.8771533989,10.2029247714,1.87645615796,13.397953,6.1141925,8.82897068083,6.9937111593,2363.81240984,102948.03316
5,10,10.331879482,1.86687355037,13.5457647624,6.28514663985,8.83865339241,6.88828856081,2556.37614829,114287.944918,0.853310600571,0.99844600473,2.6898856,-1.1061212,4.74921035713,3.6554781746,4.90708559944,22.2196673219,0.0671915675,0.93948963125,1.762731,-1.7429788,4.28770028291,3.66287509023,0.725552315759,-0.8771533989,10.2029247714,1.87645615796,13.397953,6.1141925,8.82897068083,6.9937111593,2363.81240984,102948.03316
5,11,10.331879482,1.86687355037,13.5457647624,6.28514663985,8.83865339241,6.88828856081,2556.37614829,114287.944918,0.853310600571,0.99844600473,2.6898856,-1.1061212,4.74921035713,3.6554781746,4.90708559944,22.2196673219,0.0671915675,0.93948963125,1.762731,-1.7429788,4.28770028291,3.66287509023,0.725552315759,-0.8771533989,10.2029247714,1.87645615796,13.397953,6.1141925,8.82897068083,6.9937111593,2363.81240984,102948.03316
5,12,10.331879482,1.86687355037,13.5457647624,6.28514663985,8.83865339241,6.88828856081,2556.37614829,114287.944918,0.853310600571,0.99844600473,2.6898856,-1.1061212,4.74921035713,3.6554781746,4.90708559944,22.2196673219,0.0671915675,0.93948963125,1.762731,-1.7429788,4.28770028291,3.66287509023,0.725552315759,-0.8771533989,10.2029247714,1.87645615796,13.397953,6.1141925,8.82897068083,6.9937111593,2363.81240984,102948.03316
5,13,10.331879482,1.86687355037,13.5457647624,6.28514663985,8.83865339241,6.88828856081,2556.37614829,114287.944918,0.853310600571,0.99844600473,2.6898856,-1.1061212,4.74921035713,3.6554781746,4.90708559944,22.2196673219,0.0671915675,0.93948963125,1.762731,-1.7429788,4.28770028291,3.66287509023,0.725552315759,-0.8771533989,10.2029247714,1.87645615796,13.397953,6.1141925,8.82897068083,6.9937111593,2363.81240984,102948.03316
5,14,10.331879482,1.86687355037,13.5457647624,6.28514663985,8.83865339241,6.88828856081,2556.37614829,114287.944918,0.853310600571,0.99844600473,2.6898856,-1.1061212,4.74921035713,3.6554781746,4.90708559944,22.2196673219,0.0671915675,0.93948963125,1.762731,-1.7429788,4.28770028291,3.66287509023,0.725552315759,-0.8771533989,10.2029247714,1.87645615796,13.397953,6.1141925,8.82897068083,6.9937111593,2363.81240984,102948.03316
5,15,10.331879482,1.86687355037,13.5457647624,6.28514663985,8.83865339241,6.88828856081,2556.37614829,114287.944918,0.853310600571,0.99844600473,2.6898856,-1.1061212,4.74921035713,3.6554781746,4.90708559944,22.2196673219,0.0671915675,0.93948963125,1.762731,-1.7429788,4.28770028291,3.66287509023,0.725552315759,-0.8771533989,10.2029247714,1.87645615796,13.397953,6.1141925,8.82897068083,6.9937111593,2363.81240984,102948.03316
5,16,10.331879482,1.86687355037,13.5457647624,6.28514663985,8.83865339241,6.88828856081,2556.37614829,114287.944918,0.853310600571,0.99844600473,2.6898856,-1.1061212,4.74921035713,3.6554781746,4.90708559944,22.2196673219,0.0671915675,0.93948963125,1.762731,-1.7429788,4.28770028291,3.66287509023,0.725552315759,-0.8771533989,10.2029247714,1.87645615796,13.397953,6.1141925,8.82897068083,6.9937111593,2363.81240984,102948.03316
5,17,10.331879482,1.86687355037,13.5457647624,6.28514663985,8.83865339241,6.88828856081,2556.37614829,114287.944918,0.853310600571,0.99844600473,2.6898856,-1.1061212,4.74921035713,3.6554781746,4.90708559944,22.2196673219,0.0671915675,0.93948963125,1.762731,-1.7429788,4.28770028291,3.66287509023,0.725552315759,-0.8771533989,10.2029247714,1.87645615796,13.397953,6.1141925,8.82897068083,6.9937111593,2363.81240984,102948.03316
5,18,10.331879482,1.86687355037,13.5457647624,6.28514663985,8.83865339241,6.88828856081,2556.37614829,114287.944918,0.853310600571,0.99844600473,2.6898856,-1.1061212,4.74921035713,3.6554781746,4.90708559944,22.2196673219,0.0671915675,0.93948963125,1.762731,-1.7429788,4.28770028291,3.66287509023,0.725552315759,-0.8771533989,10.2029247714,1.87645615796,13.397953,6.1141925,8.82897068083,6.9937111593,2363.81240984,102948.03316
5,19,12.1278998702,5.19474226287,25.4223022478,3.72624590214,23.9899117066,18.5046473188,232.932423205,4621.80244092,2.84387151559,8.3250764089,19.607914,-15.76103,30.9894243979,37.420148401,1.96311966358,2.18536877979,-1.99018012206,5.10453495456,8.76637,-18.860323,26.7916447817,12.9893336732,1.19334795959,0.623088050027,6.11236186079,5.41283091269,12.504317,-4.6255975,20.5904398463,23.9488987352,15.0537535477,99.7111836041
5,20,13.0089738029,6.04306551673,25.4223022478,3.41426517838,25.6934649018,24.1222199998,135.733750075,2225.77615475,1.11506420882,11.4701046162,19.607914,-17.707516,33.5334278495,57.9019389429,3.21956348694,9.40252342069,-4.68131565324,5.21485498168,8.76637,-18.860323,27.3703267262,13.3551260403,23.7012492574,209.022054264,1.33305986888,4.69668977135,9.817424,-6.1165867,15.6499092263,22.5255104826,2.84665246273,7.36770750139
5,21,13.0089738029,6.04306551673,25.4223022478,3.41426517838,25.6934649018,24.1222199998,135.733750075,2225.77615475,1.11506420882,11.4701046162,19.607914,-17.707516,33.5334278495,57.9019389429,3.21956348694,9.40252342069,-4.68131565324,5.21485498168,8.76637,-18.860323,27.3703267262,13.3551260403,23.7012492574,209.022054264,1.33305986888,4.69668977135,9.817424,-6.1165867,15.6499092263,22.5255104826,2.84665246273,7.36770750139
5,22,13.0089738029,6.04306551673,25.4223022478,3.41426517838,25.6934649018,24.1222199998,135.733750075,2225.77615475,1.11506420882,11.4701046162,19.607914,-17.707516,33.5334278495,57.9019389429,3.21956348694,9.40252342069,-4.68131565324,5.21485498168,8.76637,-18.860323,27.3703267262,13.3551260403,23.7012492574,209.022054264,1.33305986888,4.69668977135,9.817424,-6.1165867,15.6499092263,22.5255104826,2.84665246273,7.36770750139
5,23,13.0089738029,6.04306551673,25.4223022478,3.41426517838,25.6934649018,24.1222199998,135.733750075,2225.77615475,1.11506420882,11.4701046162,19.607914,-17.707516,33.5334278495,57.9019389429,3.21956348694,9.40252342069,-4.68131565324,5.21485498168,8.76637,-18.860323,27.3703267262,13.3551260403,23.7012492574,209.022054264,1.33305986888,4.69668977135,9.817424,-6.1165867,15.6499092263,22.5255104826,2.84665246273,7.36770750139
5,24,13.0089738029,6.04306551673,25.4223022478,3.41426517838,25.6934649018,24.1222199998,135.733750075,2225.77615475,1.11506420882,11.4701046162,19.607914,-17.707516,33.5334278495,57.9019389429,3.21956348694,9.40252342069,-4.68131565324,5.21485498168,8.76637,-18.860323,27.3703267262,13.3551260403,23.7012492574,209.022054264,1.33305986888,4.69668977135,9.817424,-6.1165867,15.6499092263,22.5255104826,2.84665246273,7.36770750139
5,25,13.0089738029,6.04306551673,25.4223022478,3.41426517838,25.6934649018,24.1222199998,135.733750075,2225.77615475,1.11506420882,11.4701046162,19.607914,-17.707516,33.5334278495,57.9019389429,3.21956348694,9.40252342069,-4.68131565324,5.21485498168,8.76637,-18.860323,27.3703267262,13.3551260403,23.7012492574,209.022054264,1.33305986888,4.69668977135,9.817424,-6.1165867,15.6499092263,22.5255104826,2.84665246273,7.36770750139
5,26,13.0089738029,6.04306551673,25.4223022478,3.41426517838,25.6934649018,24.1222199998,135.733750075,2225.77615475,1.11506420882,11.4701046162,19.607914,-17.707516,33.5334278495,57.9019389429,3.21956348694,9.40252342069,-4.68131565324,5.21485498168,8.76637,-18.860323,27.3703267262,13.3551260403,23.7012492574,209.022054264,1.33305986888,4.69668977135,9.817424,-6.1165867,15.6499092263,22.5255104826,2.84665246273,7.36770750139
5,27,13.0089738029,6.04306551673,25.4223022478,3.41426517838,25.6934649018,24.1222199998,135.733750075,2225.77615475,1.11506420882,11.4701046162,19.607914,-17.707516,33.5334278495,57.9019389429,3.21956348694,9.40252342069,-4.68131565324,5.21485498168,8.76637,-18.860323,27.3703267262,13.3551260403,23.7012492574,209.022054264,1.33305986888,4.69668977135,9.817424,-6.1165867,15.6499092263,22.5255104826,2.84665246273,7.36770750139
5,28,13.0089738029,6.04306551673,25.4223022478,3.41426517838,25.6934649018,24.1222199998,135.733750075,2225.77615475,1.11506420882,11.4701046162,19.607914,-17.707516,33.5334278495,57.9019389429,3.21956348694,9.40252342069,-4.68131565324,5.21485498168,8.76637,-18.860323,27.3703267262,13.3551260403,23.7012492574,209.022054264,1.33305986888,4.69668977135,9.817424,-6.1165867,15.6499092263,22.5255104826,2.84665246273,7.36770750139
5,29,13.0089738029,6.04306551673,25.4223022478,3.41426517838,25.6934649018,24.1222199998,135.733750075,2225.77615475,1.11506420882,11.4701046162,19.607914,-17.707516,33.5334278495,57.9019389429,3.21956348694,9.40252342069,-4.68131565324,5.21485498168,8.76637,-18.860323,27.3703267262,13.3551260403,23.7012492574,209.022054264,1.33305986888,4.69668977135,9.817424,-6.1165867,15.6499092263,22.5255104826,2.84665246273,7.36770750139
5,30,13.0089738029,6.04306551673,25.4223022478,3.41426517838,25.6934649018,24.1222199998,135.733750075,2225.77615475,1.11506420882,11.4701046162,19.607914,-17.707516,33.5334278495,57.9019389429,3.21956348694,9.40252342069,-4.68131565324,5.21485498168,8.76637,-18.860323,27.3703267262,13.3551260403,23.7012492574,209.022054264,1.33305986888,4.69668977135,9.817424,-6.1165867,15.6499092263,22.5255104826,2.84665246273,7.36770750139
5,31,13.0089738029,6.04306551673,25.4223022478,3.41426517838,25.6934649018,24.1222199998,135.733750075,2225.77615475,1.11506420882,11.4701046162,19.607914,-17.707516,33.5334278495,57.9019389429,3.21956348694,9.40252342069,-4.68131565324,5.21485498168,8.76637,-18.860323,27.3703267262,13.3551260403,23.7012492574,209.022054264,1.33305986888,4.69668977135,9.817424,-6.1165867,15.6499092263,22.5255104826,2.84665246273,7.36770750139
5,32,13.0089738029,6.04306551673,25.4223022478,3.41426517838,25.6934649018,24.1222199998,135.733750075,2225.77615475,1.11506420882,11.4701046162,19.607914,-17.707516,33.5334278495,57.9019389429,3.21956348694,9.40252342069,-4.68131565324,5.21485498168,8.76637,-18.860323,27.3703267262,13.3551260403,23.7012492574,209.022054264,1.33305986888,4.69668977135,9.817424,-6.1165867,15.6499092263,22.5255104826,2.84665246273,7.36770750139
5,33,13.0089738029,6.04306551673,25.4223022478,3.41426517838,25.6934649018,24.1222199998,135.733750075,2225.77615475,1.11506420882,11.4701046162,19.607914,-17.707516,33.5334278495,57.9019389429,3.21956348694,9.40252342069,-4.68131565324,5.21485498168,8.76637,-18.860323,27.3703267262,13.3551260403,23.7012492574,209.022054264,1.33305986888,4.69668977135,9.817424,-6.1165867,15.6499092263,22.5255104826,2.84665246273,7.36770750139
5,34,13.0089738029,6.04306551673,25.4223022478,3.41426517838,25.6934649018,24.1222199998,135.733750075,2225.77615475,1.11506420882,11.4701046162,19.607914,-17.707516,33.5334278495,57.9019389429,3.21956348694,9.40252342069,-4.68131565324,5.21485498168,8.76637,-18.860323,27.3703267262,13.3551260403,23.7012492574,209.022054264,1.33305986888,4.69668977135,9.817424,-6.1165867,15.6499092263,22.5255104826,2.84665246273,7.36770750139
5,35,13.0089738029,6.04306551673,25.4223022478,3.41426517838,25.6934649018,24.1222199998,135.733750075,2225.77615475,1.11506420882,11.4701046162,19.607914,-17.707516,33.5334278495,57.9019389429,3.21956348694,9.40252342069,-4.68131565324,5.21485498168,8.76637,-18.860323,27.3703267262,13.3551260403,23.7012492574,209.022054264,1.33305986888,4.69668977135,9.817424,-6.1165867,15.6499092263,22.5255104826,2.84665246273,7.36770750139
5,36,13.0089738029,6.04306551673,25.4223022478,3.41426517838,25.6934649018,24.1222199998,135.733750075,2225.77615475,1.11506420882,11.4701046162,19.607914,-17.707516,33.5334278495,57.9019389429,3.21956348694,9.40252342069,-4.68131565324,5.21485498168,8.76637,-18.860323,27.3703267262,13.3551260403,23.7012492574,209.022054264,1.33305986888,4.69668977135,9.817424,-6.1165867,15.6499092263,22.5255104826,2.84665246273,7.36770750139
5,37,13.0089738029,6.04306551673,25.4223022478,3.41426517838,25.6934649018,24.1222199998,135.733750075,2225.77615475,1.11506420882,11.4701046162,19.607914,-17.707516,33.5334278495,57.9019389429,3.21956348694,9.40252342069,-4.68131565324,5.21485498168,8.76637,-18.860323,27.3703267262,13.3551260403,23.7012492574,209.022054264,1.33305986888,4.69668977135,9.817424,-6.1165867,15.6499092263,22.5255104826,2.84665246273,7.36770750139
5,38,13.0089738029,6.04306551673,25.4223022478,3.41426517838,25.6934649018,24.1222199998,135.733750075,2225.77615475,1.11506420882,11.4701046162,19.607914,-17.707516,33.5334278495,57.9019389429,3.21956348694,9.40252342069,-4.68131565324,5.21485498168,8.76637,-18.860323,27.3703267262,13.3551260403,23.7012492574,209.022054264,1.33305986888,4.69668977135,9.817424,-6.1165867,15.6499092263,22.5255104826,2.84665246273,7.36770750139
5,39,11.1877798738,3.98021429667,21.1726535685,3.41426517838,18.3473091129,15.3022221626,344.057839001,7849.7458276,-0.826102211714,7.40753329344,13.628395,-17.707516,26.3796367196,35.7925190146,1.9033313771,2.14901660612,-2.54705437707,3.59812574843,0.7823054,-11.19409,12.8095102433,17.3888339878,3.98402488999,11.4771854167,5.560174265,5.92494702394,13.397953,-6.1165867,23.1431425576,27.0038395972,8.82251979695,45.2717242948
5,40,10.331879482,1.86687355037,13.5457647624,6.28514663985,8.83865339241,6.88828856081,2556.37614829,114287.944918,0.853310600571,0.99844600473,2.6898856,-1.1061212,4.74921035713,3.6554781746,4.90708559944,22.2196673219,0.0671915675,0.93948963125,1.762731,-1.7429788,4.28770028291,3.66287509023,0.725552315759,-0.8771533989,10.2029247714,1.87645615796,13.397953,6.1141925,8.82897068083,6.9937111593,2363.81240984,102948.03316
5,41,10.331879482,1.86687355037,13.5457647624,6.28514663985,8.83865339241,6.88828856081,2556.37614829,114287.944918,0.853310600571,0.99844600473,2.6898856,-1.1061212,4.74921035713,3.6554781746,4.90708559944,22.2196673219,0.0671915675,0.93948963125,1.762731,-1.7429788,4.28770028291,3.66287509023,0.725552315759,-0.8771533989,10.2029247714,1.87645615796,13.397953,6.1141925,8.82897068083,6.9937111593,2363.81240984,102948.03316
5,42,10.331879482,1.86687355037,13.5457647624,6.28514663985,8.83865339241,6.88828856081,2556.37614829,114287.944918,0.853310600571,0.99844600473,2.6898856,-1.1061212,4.74921035713,3.6554781746,4.90708559944,22.2196673219,0.0671915675,0.93948963125,1.762731,-1.7429788,4.28770028291,3.66287509023,0.725552315759,-0.8771533989,10.2029247714,1.87645615796,13.397953,6.1141925,8.82897068083,6.9937111593,2363.81240984,102948.03316
5,43,10.331879482,1.86687355037,13.5457647624,6.28514663985,8.83865339241,6.88828856081,2556.37614829,114287.944918,0.853310600571,0.99844600473,2.6898856,-1.1061212,4.74921035713,3.6554781746,4.90708559944,22.2196673219,0.0671915675,0.93948963125,1.762731,-1.7429788,4.28770028291,3.66287509023,0.725552315759,-0.8771533989,10.2029247714,1.87645615796,13.397953,6.1141925,8.82897068083,6.9937111593,2363.81240984,102948.03316
5,44,10.331879482,1.86687355037,13.5457647624,6.28514663985,8.83865339241,6.88828856081,2556.37614829,114287.944918,0.853310600571,0.99844600473,2.6898856,-1.1061212,4.74921035713,3.6554781746,4.90708559944,22.2196673219,0.0671915675,0.93948963125,1.762731,-1.7429788,4.28770028291,3.66287509023,0.725552315759,-0.8771533989,10.2029247714,1.87645615796,13.397953,6.1141925,8.82897068083,6.9937111593,2363.81240984,102948.03316
5,45,10.331879482,1.86687355037,13.5457647624,6.28514663985,8.83865339241,6.88828856081,2556.37614829,114287.944918,0.853310600571,0.99844600473,2.6898856,-1.1061212,4.74921035713,3.6554781746,4.90708559944,22.2196673219,0.0671915675,0.93948963125,1.762731,-1.7429788,4.28770028291,3.66287509023,0.725552315759,-0.8771533989,10.2029247714,1.87645615796,13.397953,6.1141925,8.82897068083,6.9937111593,2363.81240984,102948.03316
5,46,10.331879482,1.86687355037,13.5457647624,6.28514663985,8.83865339241,6.88828856081,2556.37614829,114287.944918,0.853310600571,0.99844600473,2.6898856,-1.1061212,4.74921035713,3.6554781746,4.90708559944,22.2196673219,0.0671915675,0.93948963125,1.762731,-1.7429788,4.28770028291,3.66287509023,0.725552315759,-0.8771533989,10.2029247714,1.87645615796,13.397953,6.1141925,8.82897068083,6.9937111593,2363.81240984,102948.03316
5,47,10.331879482,1.86687355037,13.5457647624,6.28514663985,8.83865339241,6.88828856081,2556.37614829,114287.944918,0.853310600571,0.99844600473,2.6898856,-1.1061212,4.74921035713,3.6554781746,4.90708559944,22.2196673219,0.0671915675,0.93948963125,1.762731,-1.7429788,4.28770028291,3.66287509023,0.725552315759,-0.8771533989,10.2029247714,1.87645615796,13.397953,6.1141925,8.82897068083,6.9937111593,2363.81240984,102948.03316
5,48,10.331879482,1.86687355037,13.5457647624,6.28514663985,8.83865339241,6.88828856081,2556.37614829,114287.944918,0.853310600571,0.99844600473,2.6898856,-1.1061212,4.74921035713,3.6554781746,4.90708559944,22.2196673219,0.0671915675,0.93948963125,1.762731,-1.7429788,4.28770028291,3.66287509023,0.725552315759,-0.8771533989,10.2029247714,1.87645615796,13.397953,6.1141925,8.82897068083,6.9937111593,2363.81240984,102948.03316
5,49,10.331879482,1.86687355037,13.5457647624,6.28514663985,8.83865339241,6.88828856081,2556.37614829,114287.944918,0.853310600571,0.99844600473,2.6898856,-1.1061212,4.74921035713,3.6554781746,4.90708559944,22.2196673219,0.0671915675,0.93948963125,1.762731,-1.7429788,4.28770028291,3.66287509023,0.725552315759,-0.8771533989,10.2029247714,1.87645615796,13.397953,6.1141925,8.82897068083,6.9937111593,2363.81240984,102948.03316
5,50,10.331879482,1.86687355037,13.5457647624,6.28514663985,8.83865339241,6.88828856081,2556.37614829,114287.944918,0.853310600571,0.99844600473,2.6898856,-1.1061212,4.74921035713,3.6554781746,4.90708559944,22.2196673219,0.0671915675,0.93948963125,1.762731,-1.7429788,4.28770028291,3.66287509023,0.725552315759,-0.8771533989,10.2029247714,1.87645615796,13.397953,6.1141925,8.82897068083,6.9937111593,2363.81240984,102948.03316
5,51,10.331879482,1.86687355037,13.5457647624,6.28514663985,8.83865339241,6.88828856081,2556.37614829,114287.944918,0.853310600571,0.99844600473,2.6898856,-1.1061212,4.74921035713,3.6554781746,4.90708559944,22.2196673219,0.0671915675,0.93948963125,1.762731,-1.7429788,4.28770028291,3.66287509023,0.725552315759,-0.8771533989,10.2029247714,1.87645615796,13.397953,6.1141925,8.82897068083,6.9937111593,2363.81240984,102948.03316
5,52,10.331879482,1.86687355037,13.5457647624,6.28514663985,8.83865339241,6.88828856081,2556.37614829,114287.944918,0.853310600571,0.99844600473,2.6898856,-1.1061212,4.74921035713,3.6554781746,4.90708559944,22.2196673219,0.0671915675,0.93948963125,1.762731,-1.7429788,4.28770028291,3.66287509023,0.725552315759,-0.8771533989,10.2029247714,1.87645615796,13.397953,6.1141925,8.82897068083,6.9937111593,2363.81240984,102948.03316
5,53,10.331879482,1.86687355037,13.5457647624,6.28514663985,8.83865339241,6.88828856081,2556.37614829,114287.944918,0.853310600571,0.99844600473,2.6898856,-1.1061212,4.74921035713,3.6554781746,4.90708559944,22.2196673219,0.0671915675,0.93948963125,1.762731,-1.7429788,4.28770028291,3.66287509023,0.725552315759,-0.8771533989,10.2029247714,1.87645615796,13.397953,6.1141925,8.82897068083,6.9937111593,2363.81240984,102948.03316
5,54,10.331879482,1.86687355037,13.5457647624,6.28514663985,8.83865339241,6.88828856081,2556.37614829,114287.944918,0.853310600571,0.99844600473,2.6898856,-1.1061212,4.74921035713,3.6554781746,4.90708559944,22.2196673219,0.0671915675,0.93948963125,1.762731,-1.7429788,4.28770028291,3.66287509023,0.725552315759,-0.8771533989,10.2029247714,1.87645615796,13.397953,6.1141925,8.82897068083,6.9937111593,2363.81240984,102948.03316
5,55,10.331879482,1.86687355037,13.5457647624,6.28514663985,8.83865339241,6.88828856081,2556.37614829,114287.944918,0.853310600571,0.99844600473,2.6898856,-1.1061212,4.74921035713,3.6554781746,4.90708559944,22.2196673219,0.0671915675,0.93948963125,1.762731,-1.7429788,4.28770028291,3.66287509023,0.725552315759,-0.8771533989,10.2029247714,1.87645615796,13.397953,6.1141925,8.82897068083,6.9937111593,2363.81240984,102948.03316
5,56,10.331879482,1.86687355037,13.5457647624,6.28514663985,8.83865339241,6.88828856081,2556.37614829,114287.944918,0.853310600571,0.99844600473,2.6898856,-1.1061212,4.74921035713,3.6554781746,4.90708559944,22.2196673219,0.0671915675,0.93948963125,1.762731,-1.7429788,4.28770028291,3.66287509023,0.725552315759,-0.8771533989,10.2029247714,1.87645615796,13.397953,6.1141925,8.82897068083,6.9937111593,2363.81240984,102948.03316
5,57,10.331879482,1.86687355037,13.5457647624,6.28514663985,8.83865339241,6.88828856081,2556.37614829,114287.944918,0.853310600571,0.99844600473,2.6898856,-1.1061212,4.74921035713,3.6554781746,4.90708559944,22.2196673219,0.0671915675,0.93948963125,1.762731,-1.7429788,4.28770028291,3.66287509023,0.725552315759,-0.8771533989,10.2029247714,1.87645615796,13.397953,6.1141925,8.82897068083,6.9937111593,2363.81240984,102948.03316
5,58,10.331879482,1.86687355037,13.5457647624,6.28514663985,8.83865339241,6.88828856081,2556.37614829,114287.944918,0.853310600571,0.99844600473,2.6898856,-1.1061212,4.74921035713,3.6554781746,4.90708559944,22.2196673219,0.0671915675,0.93948963125,1.762731,-1.7429788,4.28770028291,3.66287509023,0.725552315759,-0.8771533989,10.2029247714,1.87645615796,13.397953,6.1141925,8.82897068083,6.9937111593,2363.81240984,102948.03316
5,59,10.265379717,1.66931248527,13.5834258413,7.62703151799,8.26746829763,5.15613500789,4988.3292591,276093.776321,0.936995488235,1.07500232915,2.6898856,-1.1935096,4.82764085588,3.99875230925,4.80262315985,22.6570945513,0.320558965559,1.16182278053,2.058415,-1.7429788,5.34551241948,4.1690333813,0.367899801994,-2.1942950578,10.0874584059,1.70927675969,13.43207,7.3627687,8.53488737728,5.17834299607,4665.43594522,252520.044221
5,60,10.2052895001,1.71091004183,13.5834258413,7.62703151799,7.19983035844,6.91224753924,2191.54642531,91224.3411712,0.993503022,1.12144975341,2.6479871,-1.1935096,5.28140502079,3.86084799428,5.64006520745,28.8105272189,0.469880221788,1.19269959878,2.5767596,-1.6292542,5.40174204115,4.38540036663,1.36985857782,0.621849656541,9.99657197273,1.80434979593,13.43207,7.361572,7.69846487318,7.17833106415,1854.32360454,72992.4977559
5,61,10.2052895001,1.71091004183,13.5834258413,7.62703151799,7.19983035844,6.91224753924,2191.54642531,91224.3411712,0.993503022,1.12144975341,2.6479871,-1.1935096,5.28140502079,3.86084799428,5.64006520745,28.8105272189,0.469880221788,1.19269959878,2.5767596,-1.6292542,5.40174204115,4.38540036663,1.36985857782,0.621849656541,9.99657197273,1.80434979593,13.43207,7.361572,7.69846487318,7.17833106415,1854.32360454,72992.4977559
5,62,10.2052895001,1.71091004183,13.5834258413,7.62703151799,7.19983035844,6.91224753924,2191.54642531,91224.3411712,0.993503022,1.12144975341,2.6479871,-1.1935096,5.28140502079,3.86084799428,5.64006520745,28.8105272189,0.469880221788,1.19269959878,2.5767596,-1.6292542,5.40174204115,4.38540036663,1.36985857782,0.621849656541,9.99657197273,1.80434979593,13.43207,7.361572,7.69846487318,7.17833106415,1854.32360454,72992.4977559
5,63,10.2052895001,1.71091004183,13.5834258413,7.62703151799,7.19983035844,6.91224753924,2191.54642531,91224.3411712,0.993503022,1.12144975341,2.6479871,-1.1935096,5.28140502079,3.86084799428,5.64006520745,28.8105272189,0.469880221788,1.19269959878,2.5767596,-1.6292542,5.40174204115,4.38540036663,1.36985857782,0.621849656541,9.99657197273,1.80434979593,13.43207,7.361572,7.69846487318,7.17833106415,1854.32360454,72992.4977559
5,64,10.2052895001,1.71091004183,13.5834258413,7.62703151799,7.19983035844,6.91224753924,2191.54642531,91224.3411712,0.993503022,1.12144975341,2.6479871,-1.1935096,5.28140502079,3.86084799428,5.64006520745,28.8105272189,0.469880221788,1.19269959878,2.5767596,-1.6292542,5.40174204115,4.38540036663,1.36985857782,0.621849656541,9.99657197273,1.80434979593,13.43207,7.361572,7.69846487318,7.17833106415,1854.32360454,72992.4977559
5,65,10.2052895001,1.71091004183,13.5834258413,7.62703151799,7.19983035844,6.91224753924,2191.54642531,91224.3411712,0.993503022,1.12144975341,2.6479871,-1.1935096,5.28140502079,3.86084799428,5.64006520745,28.8105272189,0.469880221788,1.19269959878,2.5767596,-1.6292542,5.40174204115,4.38540036663,1.36985857782,0.621849656541,9.99657197273,1.80434979593,13.43207,7.361572,7.69846487318,7.17833106415,1854.32360454,72992.4977559
5,66,10.2052895001,1.71091004183,13.5834258413,7.62703151799,7.19983035844,6.91224753924,2191.54642531,91224.3411712,0.993503022,1.12144975341,2.6479871,-1.1935096,5.28140502079,3.86084799428,5.64006520745,28.8105272189,0.469880221788,1.19269959878,2.5767596,-1.6292542,5.40174204115,4.38540036663,1.36985857782,0.621849656541,9.99657197273,1.80434979593,13.43207,7.361572,7.69846487318,7.17833106415,1854.32360454,72992.4977559
5,67,10.2052895001,1.71091004183,13.5834258413,7.62703151799,7.19983035844,6.91224753924,2191.54642531,91224.3411712,0.993503022,1.12144975341,2.6479871,-1.1935096,5.28140502079,3.86084799428,5.64006520745,28.8105272189,0.469880221788,1.19269959878,2.5767596,-1.6292542,5.40174204115,4.38540036663,1.36985857782,0.621849656541,9.99657197273,1.80434979593,13.43207,7.361572,7.69846487318,7.17833106415,1854.32360454,72992.4977559
5,68,10.2052895001,1.71091004183,13.5834258413,7.62703151799,7.19983035844,6.91224753924,2191.54642531,91224.3411712,0.993503022,1.12144975341,2.6479871,-1.1935096,5.28140502079,3.86084799428,5.64006520745,28.8105272189,0.469880221788,1.19269959878,2.5767596,-1.6292542,5.40174204115,4.38540036663,1.36985857782,0.621849656541,9.99657197273,1.80434979593,13.43207,7.361572,7.69846487318,7.17833106415,1854.32360454,72992.4977559
5,69,10.2052895001,1.71091004183,13.5834258413,7.62703151799,7.19983035844,6.91224753924,2191.54642531,91224.3411712,0.993503022,1.12144975341,2.6479871,-1.1935096,5.28140502079,3.86084799428,5.64006520745,28.8105272189,0.469880221788,1.19269959878,2.5767596,-1.6292542,5.40174204115,4.38540036663,1.36985857782,0.621849656541,9.99657197273,1.80434979593,13.43207,7.361572,7.69846487318,7.17833106415,1854.32360454,72992.4977559
5,70,10.2052895001,1.71091004183,13.5834258413,7.62703151799,7.19983035844,6.91224753924,2191.54642531,91224.3411712,0.993503022,1.12144975341,2.6479871,-1.1935096,5.28140502079,3.86084799428,5.64006520745,28.8105272189,0.469880221788,1.19269959878,2.5767596,-1.6292542,5.40174204115,4.38540036663,1.36985857782,0.621849656541,9.99657197273,1.80434979593,13.43207,7.361572,7.69846487318,7.17833106415,1854.32360454,72992.4977559
5,71,10.2052895001,1.71091004183,13.5834258413,7.62703151799,7.19983035844,6.91224753924,2191.54642531,91224.3411712,0.993503022,1.12144975341,2.6479871,-1.1935096,5.28140502079,3.86084799428,5.64006520745,28.8105272189,0.469880221788,1.19269959878,2.5767596,-1.6292542,5.40174204115,4.38540036663,1.36985857782,0.621849656541,9.99657197273,1.80434979593,13.43207,7.361572,7.69846487318,7.17833106415,1854.32360454,72992.4977559
5,72,10.2052895001,1.71091004183,13.5834258413,7.62703151799,7.19983035844,6.91224753924,2191.54642531,91224.3411712,0.993503022,1.12144975341,2.6479871,-1.1935096,5.28140502079,3.86084799428,5.64006520745,28.8105272189,0.469880221788,1.19269959878,2.5767596,-1.6292542,5.40174204115,4.38540036663,1.36985857782,0.621849656541,9.99657197273,1.80434979593,13.43207,7.361572,7.69846487318,7.17833106415,1854.32360454,72992.4977559
5,73,10.2052895001,1.71091004183,13.5834258413,7.62703151799,7.19983035844,6.91224753924,2191.54642531,91224.3411712,0.993503022,1.12144975341,2.6479871,-1.1935096,5.28140502079,3.86084799428,5.64006520745,28.8105272189,0.469880221788,1.19269959878,2.5767596,-1.6292542,5.40174204115,4.38540036663,1.36985857782,0.621849656541,9.99657197273,1.80434979593,13.43207,7.361572,7.69846487318,7.17833106415,1854.32360454,72992.4977559
5,74,10.2052895001,1.71091004183,13.5834258413,7.62703151799,7.19983035844,6.91224753924,2191.54642531,91224.3411712,0.993503022,1.12144975341,2.6479871,-1.1935096,5.28140502079,3.86084799428,5.64006520745,28.8105272189,0.469880221788,1.19269959878,2.5767596,-1.6292542,5.40174204115,4.38540036663,1.36985857782,0.621849656541,9.99657197273,1.80434979593,13.43207,7.361572,7.69846487318,7.17833106415,1854.32360454,72992.4977559
5,75,10.2052895001,1.71091004183,13.5834258413,7.62703151799,7.19983035844,6.91224753924,2191.54642531,91224.3411712,0.993503022,1.12144975341,2.6479871,-1.1935096,5.28140502079,3.86084799428,5.64006520745,28.8105272189,0.469880221788,1.19269959878,2.5767596,-1.6292542,5.40174204115,4.38540036663,1.36985857782,0.621849656541,9.99657197273,1.80434979593,13.43207,7.361572,7.69846487318,7.17833106415,1854.32360454,72992.4977559
5,76,10.2052895001,1.71091004183,13.5834258413,7.62703151799,7.19983035844,6.91224753924,2191.54642531,91224.3411712,0.993503022,1.12144975341,2.6479871,-1.1935096,5.28140502079,3.86084799428,5.64006520745,28.8105272189,0.469880221788,1.19269959878,2.5767596,-1.6292542,5.40174204115,4.38540036663,1.36985857782,0.621849656541,9.99657197273,1.80434979593,13.43207,7.361572,7.69846487318,7.17833106415,1854.32360454,72992.4977559
5,77,10.2052895001,1.71091004183,13.5834258413,7.62703151799,7.19983035844,6.91224753924,2191.54642531,91224.3411712,0.993503022,1.12144975341,2.6479871,-1.1935096,5.28140502079,3.86084799428,5.64006520745,28.8105272189,0.469880221788,1.19269959878,2.5767596,-1.6292542,5.40174204115,4.38540036663,1.36985857782,0.621849656541,9.99657197273,1.80434979593,13.43207,7.361572,7.69846487318,7.17833106415,1854.32360454,72992.4977559
5,78,10.2052895001,1.71091004183,13.5834258413,7.62703151799,7.19983035844,6.91224753924,2191.54642531,91224.3411712,0.993503022,1.12144975341,2.6479871,-1.1935096,5.28140502079,3.86084799428,5.64006520745,28.8105272189,0.469880221788,1.19269959878,2.5767596,-1.6292542,5.40174204115,4.38540036663,1.36985857782,0.621849656541,9.99657197273,1.80434979593,13.43207,7.361572,7.69846487318,7.17833106415,1854.32360454,72992.4977559
5,79,10.9194488742,2.73943552407,23.3053346324,7.69947019861,14.4710009553,6.7806994384,2661.97089653,118320.531917,5.67857485624,4.5613535233,13.467384,-0.6063316,14.8322514817,22.0920045399,15.0739890932,99.8031705924,-1.31969485061,2.56343496736,2.5767596,-8.617929,11.0763855014,10.0468798377,1.66919562155,1.71232347497,3.56155638788,7.25873509024,13.224373,-19.337967,29.5742325695,30.3058624737,2.92211940184,6.80821797725
5,80,11.3803304562,2.83893046341,23.3053346324,8.24713181851,14.8427440141,6.42782957924,3251.13548834,152873.303173,6.61989289031,5.0047593305,13.467384,-3.0202854,16.2701980666,23.2046550505,18.6968327416,136.972387178,-0.957979929594,3.6885123317,9.476849,-8.617929,15.3013220877,14.2884093765,1.32695456241,0.375377281553,2.57479557187,6.89553686308,15.035586,-19.337967,29.3314584425,25.9375769969,2.94888155622,7.26318294266
5,81,11.3803304562,2.83893046341,23.3053346324,8.24713181851,14.8427440141,6.42782957924,3251.13548834,152873.303173,6.61989289031,5.0047593305,13.467384,-3.0202854,16.2701980666,23.2046550505,18.6968327416,136.972387178,-0.957979929594,3.6885123317,9.476849,-8.617929,15.3013220877,14.2884093765,1.32695456241,0.375377281553,2.57479557187,6.89553686308,15.035586,-19.337967,29.3314584425,25.9375769969,2.94888155622,7.26318294266
5,82,11.3803304562,2.83893046341,23.3053346324,8.24713181851,14.8427440141,6.42782957924,3251.13548834,152873.303173,6.61989289031,5.0047593305,13.467384,-3.0202854,16.2701980666,23.2046550505,18.6968327416,136.972387178,-0.957979929594,3.6885123317,9.476849,-8.617929,15.3013220877,14.2884093765,1.32695456241,0.375377281553,2.57479557187,6.89553686308,15.035586,-19.337967,29.3314584425,25.9375769969,2.94888155622,7.26318294266
5,83,11.3803304562,2.83893046341,23.3053346324,8.24713181851,14.8427440141,6.42782957924,3251.13548834,152873.303173,6.61989289031,5.0047593305,13.467384,-3.0202854,16.2701980666,23.2046550505,18.6968327416,136.972387178,-0.957979929594,3.6885123317,9.476849,-8.617929,15.3013220877,14.2884093765,1.32695456241,0.375377281553,2.57479557187,6.89553686308,15.035586,-19.337967,29.3314584425,25.9375769969,2.94888155622,7.26318294266
5,84,11.3803304562,2.83893046341,23.3053346324,8.24713181851,14.8427440141,6.42782957924,3251.13548834,152873.303173,6.61989289031,5.0047593305,13.467384,-3.0202854,16.2701980666,23.2046550505,18.6968327416,136.972387178,-0.957979929594,3.6885123317,9.476849,-8.617929,15.3013220877,14.2884093765,1.32695456241,0.375377281553,2.57479557187,6.89553686308,15.035586,-19.337967,29.3314584425,25.9375769969,2.94888155622,7.26318294266
5,85,11.3803304562,2.83893046341,23.3053346324,8.24713181851,14.8427440141,6.42782957924,3251.13548834,152873.303173,6.61989289031,5.0047593305,13.467384,-3.0202854,16.2701980666,23.2046550505,18.6968327416,136.972387178,-0.957979929594,3.6885123317,9.476849,-8.617929,15.3013220877,14.2884093765,1.32695456241,0.375377281553,2.57479557187,6.89553686308,15.035586,-19.337967,29.3314584425,25.9375769969,2.94888155622,7.26318294266
5,86,11.3803304562,2.83893046341,23.3053346324,8.24713181851,14.8427440141,6.42782957924,3251.13548834,152873.303173,6.61989289031,5.0047593305,13.467384,-3.0202854,16.2701980666,23.2046550505,18.6968327416,136.972387178,-0.957979929594,3.6885123317,9.476849,-8.617929,15.3013220877,14.2884093765,1.32695456241,0.375377281553,2.57479557187,6.89553686308,15.035586,-19.337967,29.3314584425,25.9375769969,2.94888155622,7.26318294266
5,87,11.3803304562,2.83893046341,23.3053346324,8.24713181851,14.8427440141,6.42782957924,3251.13548834,152873.303173,6.61989289031,5.0047593305,13.467384,-3.0202854,16.2701980666,23.2046550505,18.6968327416,136.972387178,-0.957979929594,3.6885123317,9.476849,-8.617929,15.3013220877,14.2884093765,1.32695456241,0.375377281553,2.57479557187,6.89553686308,15.035586,-19.337967,29.3314584425,25.9375769969,2.94888155622,7.26318294266
5,88,11.3803304562,2.83893046341,23.3053346324,8.24713181851,14.8427440141,6.42782957924,3251.13548834,152873.303173,6.61989289031,5.0047593305,13.467384,-3.0202854,16.2701980666,23.2046550505,18.6968327416,136.972387178,-0.957979929594,3.6885123317,9.476849,-8.617929,15.3013220877,14.2884093765,1.32695456241,0.375377281553,2.57479557187,6.89553686308,15.035586,-19.337967,29.3314584425,25.9375769969,2.94888155622,7.26318294266
5,89,11.3803304562,2.83893046341,23.3053346324,8.24713181851,14.8427440141,6.42782957924,3251.13548834,152873.303173,6.61989289031,5.0047593305,13.467384,-3.0202854,16.2701980666,23.2046550505,18.6968327416,136.972387178,-0.957979929594,3.6885123317,9.476849,-8.617929,15.3013220877,14.2884093765,1.32695456241,0.375377281553,2.57479557187,6.89553686308,15.035586,-19.337967,29.3314584425,25.9375769969,2.94888155622,7.26318294266
5,90,11.3803304562,2.83893046341,23.3053346324,8.24713181851,14.8427440141,6.42782957924,3251.13548834,152873.303173,6.61989289031,5.0047593305,13.467384,-3.0202854,16.2701980666,23.2046550505,18.6968327416,136.972387178,-0.957979929594,3.6885123317,9.476849,-8.617929,15.3013220877,14.2884093765,1.32695456241,0.375377281553,2.57479557187,6.89553686308,15.035586,-19.337967,29.3314584425,25.9375769969,2.94888155622,7.26318294266
5,91,11.3803304562,2.83893046341,23.3053346324,8.24713181851,14.8427440141,6.42782957924,3251.13548834,152873.303173,6.61989289031,5.0047593305,13.467384,-3.0202854,16.2701980666,23.2046550505,18.6968327416,136.972387178,-0.957979929594,3.6885123317,9.476849,-8.617929,15.3013220877,14.2884093765,1.32695456241,0.375377281553,2.57479557187,6.89553686308,15.035586,-19.337967,29.3314584425,25.9375769969,2.94888155622,7.26318294266
5,92,11.3803304562,2.83893046341,23.3053346324,8.24713181851,14.8427440141,6.42782957924,3251.13548834,152873.303173,6.61989289031,5.0047593305,13.467384,-3.0202854,16.2701980666,23.2046550505,18.6968327416,136.972387178,-0.957979929594,3.6885123317,9.476849,-8.617929,15.3013220877,14.2884093765,1.32695456241,0.375377281553,2.57479557187,6.89553686308,15.035586,-19.337967,29.3314584425,25.9375769969,2.94888155622,7.26318294266
5,93,11.3803304562,2.83893046341,23.3053346324,8.24713181851,14.8427440141,6.42782957924,3251.13548834,152873.303173,6.61989289031,5.0047593305,13.467384,-3.0202854,16.2701980666,23.2046550505,18.6968327416,136.972387178,-0.957979929594,3.6885123317,9.476849,-8.617929,15.3013220877,14.2884093765,1.32695456241,0.375377281553,2.57479557187,6.89553686308,15.035586,-19.337967,29.3314584425,25.9375769969,2.94888155622,7.26318294266
5,94,11.3803304562,2.83893046341,23.3053346324,8.24713181851,14.8427440141,6.42782957924,3251.13548834,152873.303173,6.61989289031,5.0047593305,13.467384,-3.0202854,16.2701980666,23.2046550505,18.6968327416,136.972387178,-0.957979929594,3.6885123317,9.476849,-8.617929,15.3013220877,14.2884093765,1.32695456241,0.375377281553,2.57479557187,6.89553686308,15.035586,-19.337967,29.3314584425,25.9375769969,2.94888155622,7.26318294266
5,95,11.3803304562,2.83893046341,23.3053346324,8.24713181851,14.8427440141,6.42782957924,3251.13548834,152873.303173,6.61989289031,5.0047593305,13.467384,-3.0202854,16.2701980666,23.2046550505,18.6968327416,136.972387178,-0.957979929594,3.6885123317,9.476849,-8.617929,15.3013220877,14.2884093765,1.32695456241,0.375377281553,2.57479557187,6.89553686308,15.035586,-19.337967,29.3314584425,25.9375769969,2.94888155622,7.26318294266
5,96,11.3803304562,2.83893046341,23.3053346324,8.24713181851,14.8427440141,6.42782957924,3251.13548834,152873.303173,6.61989289031,5.0047593305,13.467384,-3.0202854,16.2701980666,23.2046550505,18.6968327416,136.972387178,-0.957979929594,3.6885123317,9.476849,-8.617929,15.3013220877,14.2884093765,1.32695456241,0.375377281553,2.57479557187,6.89553686308,15.035586,-19.337967,29.3314584425,25.9375769969,2.94888155622,7.26318294266
5,97,11.3803304562,2.83893046341,23.3053346324,8.24713181851,14.8427440141,6.42782957924,3251.13548834,152873.303173,6.61989289031,5.0047593305,13.467384,-3.0202854,16.2701980666,23.2046550505,18.6968327416,136.972387178,-0.957979929594,3.6885123317,9.476849,-8.617929,15.3013220877,14.2884093765,1.32695456241,0.375377281553,2.57479557187,6.89553686308,15.035586,-19.337967,29.3314584425,25.9375769969,2.94888155622,7.26318294266
5,98,11.3803304562,2.83893046341,23.3053346324,8.24713181851,14.8427440141,6.42782957924,3251.13548834,152873.303173,6.61989289031,5.0047593305,13.467384,-3.0202854,16.2701980666,23.2046550505,18.6968327416,136.972387178,-0.957979929594,3.6885123317,9.476849,-8.617929,15.3013220877,14.2884093765,1.32695456241,0.375377281553,2.57479557187,6.89553686308,15.035586,-19.337967,29.3314584425,25.9375769969,2.94888155622,7.26318294266
5,99,10.6166805851,2.25229405694,15.8068414728,5.06907137954,10.1207360312,8.01764876487,1527.6865355,55784.179482,1.291148092,3.72575928247,11.641207,-3.0202854,16.1913319441,13.5967712415,1.27107156601,-0.05228989577,0.732513501375,2.60601785957,9.476849,-3.8295257,12.8652628962,7.25377092598,0.808427913084,-0.927605980339,9.25510461875,3.04196037448,15.035586,1.7298107,14.2172207647,10.1975699128,500.069673804,12561.5697211
5,100,10.0703205109,1.6157848757,13.1476091522,5.06907137954,7.36133404522,5.89377225995,3376.78076933,164067.493199,0.115361791441,0.467140749276,1.0935516,-1.0995371,2.23184006832,1.59857501913,0.152891910275,-2.57088022498,0.571210751794,0.846695637737,1.899799,-1.3916297,3.54852737111,3.43785195853,2.18219924108,3.85473581571,10.0086609029,1.60440607018,13.090298,5.0403934,7.29361132704,5.86892637106,3351.90379932,162458.918618
5,101,10.0595484766,0.437702931607,11.6762524136,9.25676680167,2.3773654738,1.08829870214,126539.967278,20580841.466,0.180920666421,0.279512878698,1.0935516,-0.1340753,1.43432710942,0.810119238985,0.675770591429,-1.37979642379,0.765405163529,0.316630655811,1.3347675,0.40880993,1.40992120682,1.19405985401,41.9599674807,463.741940074,10.0194524706,0.446891290605,11.563994,9.16261,2.40955147497,1.14691624421,115026.09434,18122630.7168
5,102,10.1440247481,0.184116457864,10.6225001135,9.44936557582,0.984024994896,0.430483136754,384924.026624,89812747.3909,-0.0557740175061,0.116809564885,0.15322891,-0.38486794,0.588022751769,0.344336702199,0.0441804982257,-2.96154969963,0.438138913333,0.107031796595,0.56443304,0.1328782,0.539852778014,0.313710628432,36.0530234354,378.858288013,10.1331685606,0.183997701846,10.614694,9.442133,0.983502778848,0.429948256473,384118.395442,89562202.0752
5,103,10.1440247481,0.184116457864,10.6225001135,9.44936557582,0.984024994896,0.430483136754,384924.026624,89812747.3909,-0.0557740175061,0.116809564885,0.15322891,-0.38486794,0.588022751769,0.344336702199,0.0441804982257,-2.96154969963,0.438138913333,0.107031796595,0.56443304,0.1328782,0.539852778014,0.313710628432,36.0530234354,378.858288013,10.1331685606,0.183997701846,10.614694,9.442133,0.983502778848,0.429948256473,384118.395442,89562202.0752
5,104,10.1440247481,0.184116457864,10.6225001135,9.44936557582,0.984024994896,0.430483136754,384924.026624,89812747.3909,-0.0557740175061,0.116809564885,0.15322891,-0.38486794,0.588022751769,0.344336702199,0.0441804982257,-2.96154969963,0.438138913333,0.107031796595,0.56443304,0.1328782,0.539852778014,0.313710628432,36.0530234354,378.858288013,10.1331685606,0.183997701846,10.614694,9.442133,0.983502778848,0.429948256473,384118.395442,89562202.0752
5,105,10.1440247481,0.184116457864,10.6225001135,9.44936557582,0.984024994896,0.430483136754,384924.026624,89812747.3909,-0.0557740175061,0.116809564885,0.15322891,-0.38486794,0.588022751769,0.344336702199,0.0441804982257,-2.96154969963,0.438138913333,0.107031796595,0.56443304,0.1328782,0.539852778014,0.313710628432,36.0530234354,378.858288013,10.1331685606,0.183997701846,10.614694,9.442133,0.983502778848,0.429948256473,384118.395442,89562202.0752
5,106,10.1440247481,0.184116457864,10.6225001135,9.44936557582,0.984024994896,0.430483136754,384924.026624,89812747.3909,-0.0557740175061,0.116809564885,0.15322891,-0.38486794,0.588022751769,0.344336702199,0.0441804982257,-2.96154969963,0.438138913333,0.107031796595,0.56443304,0.1328782,0.539852778014,0.313710628432,36.0530234354,378.858288013,10.1331685606,0.183997701846,10.614694,9.442133,0.983502778848,0.429948256473,384118.395442,89562202.0752
5,107,10.1440247481,0.184116457864,10.6225001135,9.44936557582,0.984024994896,0.430483136754,384924.026624,89812747.3909,-0.0557740175061,0.116809564885,0.15322891,-0.38486794,0.588022751769,0.344336702199,0.0441804982257,-2.96154969963,0.438138913333,0.107031796595,0.56443304,0.1328782,0.539852778014,0.313710628432,36.0530234354,378.858288013,10.1331685606,0.183997701846,10.614694,9.442133,0.983502778848,0.429948256473,384118.395442,89562202.0752
5,108,10.1440247481,0.184116457864,10.6225001135,9.44936557582,0.984024994896,0.430483136754,384924.026624,89812747.3909,-0.0557740175061,0.116809564885,0.15322891,-0.38486794,0.588022751769,0.344336702199,0.0441804982257,-2.96154969963,0.438138913333,0.107031796595,0.56443304,0.1328782,0.539852778014,0.313710628432,36.0530234354,378.858288013,10.1331685606,0.183997701846,10.614694,9.442133,0.983502778848,0.429948256473,384118.395442,89562202.0752
5,109,10.1440247481,0.184116457864,10.6225001135,9.44936557582,0.984024994896,0.430483136754,384924.026624,89812747.3909,-0.0557740175061,0.116809564885,0.15322891,-0.38486794,0.588022751769,0.344336702199,0.0441804982257,-2.96154969963,0.438138913333,0.107031796595,0.56443304,0.1328782,0.539852778014,0.313710628432,36.0530234354,378.858288013,10.1331685606,0.183997701846,10.614694,9.442133,0.983502778848,0.429948256473,384118.395442,89562202.0752
5,110,10.1440247481,0.184116457864,10.6225001135,9.44936557582,0.984024994896,0.430483136754,384924.026624,89812747.3909,-0.0557740175061,0.116809564885,0.15322891,-0.38486794,0.588022751769,0.344336702199,0.0441804982257,-2.96154969963,0.438138913333,0.107031796595,0.56443304,0.1328782,0.539852778014,0.313710628432,36.0530234354,378.858288013,10.1331685606,0.183997701846,10.614694,9.442133,0.983502778848,0.429948256473,384118.395442,89562202.0752
5,111,10.1440247481,0.184116457864,10.6225001135,9.44936557582,0.984024994896,0.430483136754,384924.026624,89812747.3909,-0.0557740175061,0.116809564885,0.15322891,-0.38486794,0.588022751769,0.344336702199,0.0441804982257,-2.96154969963,0.438138913333,0.107031796595,0.56443304,0.1328782,0.539852778014,0.313710628432,36.0530234354,378.858288013,10.1331685606,0.183997701846,10.614694,9.442133,0.983502778848,0.429948256473,384118.395442,89562202.0752
5,112,10.1440247481,0.184116457864,10.6225001135,9.44936557582,0.984024994896,0.430483136754,384924.026624,89812747.3909,-0.0557740175061,0.116809564885,0.15322891,-0.38486794,0.588022751769,0.344336702199,0.0441804982257,-2.96154969963,0.438138913333,0.107031796595,0.56443304,0.1328782,0.539852778014,0.313710628432,36.0530234354,378.858288013,10.1331685606,0.183997701846,10.614694,9.442133,0.983502778848,0.429948256473,384118.395442,89562202.0752
5,113,10.1440247481,0.184116457864,10.6225001135,9.44936557582,0.984024994896,0.430483136754,384924.026624,89812747.3909,-0.0557740175061,0.116809564885,0.15322891,-0.38486794,0.588022751769,0.344336702199,0.0441804982257,-2.96154969963,0.438138913333,0.107031796595,0.56443304,0.1328782,0.539852778014,0.313710628432,36.0530234354,378.858288013,10.1331685606,0.183997701846,10.614694,9.442133,0.983502778848,0.429948256473,384118.395442,89562202.0752
5,114,10.1440247481,0.184116457864,10.6225001135,9.44936557582,0.984024994896,0.430483136754,384924.026624,89812747.3909,-0.0557740175061,0.116809564885,0.15322891,-0.38486794,0.588022751769,0.344336702199,0.0441804982257,-2.96154969963,0.438138913333,0.107031796595,0.56443304,0.1328782,0.539852778014,0.313710628432,36.0530234354,378.858288013,10.1331685606,0.183997701846,10.614694,9.442133,0.983502778848,0.429948256473,384118.395442,89562202.0752
5,115,10.1440247481,0.184116457864,10.6225001135,9.44936557582,0.984024994896,0.430483136754,384924.026624,89812747.3909,-0.0557740175061,0.116809564885,0.15322891,-0.38486794,0.588022751769,0.344336702199,0.0441804982257,-2.96154969963,0.438138913333,0.107031796595,0.56443304,0.1328782,0.539852778014,0.313710628432,36.0530234354,378.858288013,10.1331685606,0.183997701846,10.614694,9.442133,0.983502778848,0.429948256473,384118.395442,89562202.0752
5,116,10.1440247481,0.184116457864,10.6225001135,9.44936557582,0.984024994896,0.430483136754,384924.026624,89812747.3909,-0.0557740175061,0.116809564885,0.15322891,-0.38486794,0.588022751769,0.344336702199,0.0441804982257,-2.96154969963,0.438138913333,0.107031796595,0.56443304,0.1328782,0.539852778014,0.313710628432,36.0530234354,378.858288013,10.1331685606,0.183997701846,10.614694,9.442133,0.983502778848,0.429948256473,384118.395442,89562202.0752
5,117,10.1440247481,0.184116457864,10.6225001135,9.44936557582,0.984024994896,0.430483136754,384924.026624,89812747.3909,-0.0557740175061,0.116809564885,0.15322891,-0.38486794,0.588022751769,0.344336702199,0.0441804982257,-2.96154969963,0.438138913333,0.107031796595,0.56443304,0.1328782,0.539852778014,0.313710628432,36.0530234354,378.858288013,10.1331685606,0.183997701846,10.614694,9.442133,0.983502778848,0.429948256473,384118.395442,89562202.0752
5,118,10.1440247481,0.184116457864,10.6225001135,9.44936557582,0.984024994896,0.430483136754,384924.026624,89812747.3909,-0.0557740175061,0.116809564885,0.15322891,-0.38486794,0.588022751769,0.344336702199,0.0441804982257,-2.96154969963,0.438138913333,0.107031796595,0.56443304,0.1328782,0.539852778014,0.313710628432,36.0530234354,378.858288013,10.1331685606,0.183997701846,10.614694,9.442133,0.983502778848,0.429948256473,384118.395442,89562202.0752
5,119,10.1440247481,0.184116457864,10.6225001135,9.44936557582,0.984024994896,0.430483136754,384924.026624,89812747.3909,-0.0557740175061,0.116809564885,0.15322891,-0.38486794,0.588022751769,0.344336702199,0.0441804982257,-2.96154969963,0.438138913333,0.107031796595,0.56443304,0.1328782,0.539852778014,0.313710628432,36.0530234354,378.858288013,10.1331685606,0.183997701846,10.614694,9.442133,0.983502778848,0.429948256473,384118.395442,89562202.0752
5,120,10.1440247481,0.184116457864,10.6225001135,9.44936557582,0.984024994896,0.430483136754,384924.026624,89812747.3909,-0.0557740175061,0.116809564885,0.15322891,-0.38486794,0.588022751769,0.344336702199,0.0441804982257,-2.96154969963,0.438138913333,0.107031796595,0.56443304,0.1328782,0.539852778014,0.313710628432,36.0530234354,378.858288013,10.1331685606,0.183997701846,10.614694,9.442133,0.983502778848,0.429948256473,384118.395442,89562202.0752
5,121,10.4746695698,1.25068358621,14.9602888891,8.30210884519,5.34428074285,4.96695737876,5622.6605069,320642.50162,0.120653255676,0.370265131032,1.5813702,-0.38486794,1.88695080021,1.05117744588,0.214846721358,-2.62075278544,0.0759252130303,0.576763815941,0.6793547,-1.2797008,2.09717327862,2.63107976578,0.789757363463,-1.36188517527,10.453084697,1.23525614105,14.896125,8.286931,5.27717195319,4.90696466127,5762.80587635,331343.823989
5,122,10.1787828413,1.46641152261,14.9602888891,7.38529114203,5.7185606283,6.35954629322,2910.44029229,134545.948451,0.292004587068,0.447663559851,1.757344,-0.492607,2.35915357932,1.13926825655,1.36237033789,1.78014536418,0.129286885588,0.633153371981,0.91937345,-1.2797008,2.19905300476,2.97829072024,1.25876392131,0.477670549092,10.1447255706,1.46262037059,14.896125,7.3723454,5.67427225907,6.36931941718,2870.53706684,132090.621869
5,123,10.2401847982,4.81069172384,24.2375163251,2.60998795733,22.067157706,17.3831820046,165.287857631,2912.55078557,-2.46743616229,5.44108971483,5.519832,-18.130692,25.562277939,18.8632642767,1.61454510148,1.54372924094,3.19615365382,4.29112829476,14.362218,-0.7026982,20.2222153215,14.8412405096,6.14786482079,28.2373962258,7.21874694706,3.4016104065,12.400767,-0.8726865,15.1789816034,12.8122051828,138.183021288,2275.22663341
5,124,11.168139977,6.69395001033,25.8152620042,2.60998795733,24.1840329671,30.6546560749,44.4035876379,474.94923561,-6.18054370824,6.32048316824,5.519832,-19.55105,25.4165531368,26.6951940251,11.1304428981,63.697404994,5.62713098735,5.33025796245,15.598224,-4.0821137,18.6160703975,24.8980836602,11.1731822204,63.74547245,4.28055094156,3.60406989638,12.400767,-2.5300727,16.1159615165,13.6610205161,21.5397706405,179.220154088
5,125,11.168139977,6.69395001033,25.8152620042,2.60998795733,24.1840329671,30.6546560749,44.4035876379,474.94923561,-6.18054370824,6.32048316824,5.519832,-19.55105,25.4165531368,26.6951940251,11.1304428981,63.697404994,5.62713098735,5.33025796245,15.598224,-4.0821137,18.6160703975,24.8980836602,11.1731822204,63.74547245,4.28055094156,3.60406989638,12.400767,-2.5300727,16.1159615165,13.6610205161,21.5397706405,179.220154088
5,126,11.168139977,6.69395001033,25.8152620042,2.60998795733,24.1840329671,30.6546560749,44.4035876379,474.94923561,-6.18054370824,6.32048316824,5.519832,-19.55105,25.4165531368,26.6951940251,11.1304428981,63.697404994,5.62713098735,5.33025796245,15.598224,-4.0821137,18.6160703975,24.8980836602,11.1731822204,63.74547245,4.28055094156,3.60406989638,12.400767,-2.5300727,16.1159615165,13.6610205161,21.5397706405,179.220154088
5,127,11.168139977,6.69395001033,25.8152620042,2.60998795733,24.1840329671,30.6546560749,44.4035876379,474.94923561,-6.18054370824,6.32048316824,5.519832,-19.55105,25.4165531368,26.6951940251,11.1304428981,63.697404994,5.62713098735,5.33025796245,15.598224,-4.0821137,18.6160703975,24.8980836602,11.1731822204,63.74547245,4.28055094156,3.60406989638,12.400767,-2.5300727,16.1159615165,13.6610205161,21.5397706405,179.220154088
5,128,11.168139977,6.69395001033,25.8152620042,2.60998795733,24.1840329671,30.6546560749,44.4035876379,474.94923561,-6.18054370824,6.32048316824,5.519832,-19.55105,25.4165531368,26.6951940251,11.1304428981,63.697404994,5.62713098735,5.33025796245,15.598224,-4.0821137,18.6160703975,24.8980836602,11.1731822204,63.74547245,4.28055094156,3.60406989638,12.400767,-2.5300727,16.1159615165,13.6610205161,21.5397706405,179.220154088
5,129,11.168139977,6.69395001033,25.8152620042,2.60998795733,24.1840329671,30.6546560749,44.4035876379,474.94923561,-6.18054370824,6.32048316824,5.519832,-19.55105,25.4165531368,26.6951940251,11.1304428981,63.697404994,5.62713098735,5.33025796245,15.598224,-4.0821137,18.6160703975,24.8980836602,11.1731822204,63.74547245,4.28055094156,3.60406989638,12.400767,-2.5300727,16.1159615165,13.6610205161,21.5397706405,179.220154088
5,130,11.168139977,6.69395001033,25.8152620042,2.60998795733,24.1840329671,30.6546560749,44.4035876379,474.94923561,-6.18054370824,6.32048316824,5.519832,-19.55105,25.4165531368,26.6951940251,11.1304428981,63.697404994,5.62713098735,5.33025796245,15.598224,-4.0821137,18.6160703975,24.8980836602,11.1731822204,63.74547245,4.28055094156,3.60406989638,12.400767,-2.5300727,16.1159615165,13.6610205161,21.5397706405,179.220154088
5,131,11.168139977,6.69395001033,25.8152620042,2.60998795733,24.1840329671,30.6546560749,44.4035876379,474.94923561,-6.18054370824,6.32048316824,5.519832,-19.55105,25.4165531368,26.6951940251,11.1304428981,63.697404994,5.62713098735,5.33025796245,15.598224,-4.0821137,18.6160703975,24.8980836602,11.1731822204,63.74547245,4.28055094156,3.60406989638,12.400767,-2.5300727,16.1159615165,13.6610205161,21.5397706405,179.220154088
5,132,11.168139977,6.69395001033,25.8152620042,2.60998795733,24.1840329671,30.6546560749,44.4035876379,474.94923561,-6.18054370824,6.32048316824,5.519832,-19.55105,25.4165531368,26.6951940251,11.1304428981,63.697404994,5.62713098735,5.33025796245,15.598224,-4.0821137,18.6160703975,24.8980836602,11.1731822204,63.74547245,4.28055094156,3.60406989638,12.400767,-2.5300727,16.1159615165,13.6610205161,21.5397706405,179.220154088
5,133,11.168139977,6.69395001033,25.8152620042,2.60998795733,24.1840329671,30.6546560749,44.4035876379,474.94923561,-6.18054370824,6.32048316824,5.519832,-19.55105,25.4165531368,26.6951940251,11.1304428981,63.697404994,5.62713098735,5.33025796245,15.598224,-4.0821137,18.6160703975,24.8980836602,11.1731822204,63.74547245,4.28055094156,3.60406989638,12.400767,-2.5300727,16.1159615165,13.6610205161,21.5397706405,179.220154088
5,134,11.168139977,6.69395001033,25.8152620042,2.60998795733,24.1840329671,30.6546560749,44.4035876379,474.94923561,-6.18054370824,6.32048316824,5.519832,-19.55105,25.4165531368,26.6951940251,11.1304428981,63.697404994,5.62713098735,5.33025796245,15.598224,-4.0821137,18.6160703975,24.8980836602,11.1731822204,63.74547245,4.28055094156,3.60406989638,12.400767,-2.5300727,16.1159615165,13.6610205161,21.5397706405,179.220154088
5,135,11.168139977,6.69395001033,25.8152620042,2.60998795733,24.1840329671,30.6546560749,44.4035876379,474.94923561,-6.18054370824,6.32048316824,5.519832,-19.55105,25.4165531368,26.6951940251,11.1304428981,63.697404994,5.62713098735,5.33025796245,15.598224,-4.0821137,18.6160703975,24.8980836602,11.1731822204,63.74547245,4.28055094156,3.60406989638,12.400767,-2.5300727,16.1159615165,13.6610205161,21.5397706405,179.220154088
5,136,11.168139977,6.69395001033,25.8152620042,2.60998795733,24.1840329671,30.6546560749,44.4035876379,474.94923561,-6.18054370824,6.32048316824,5.519832,-19.55105,25.4165531368,26.6951940251,11.1304428981,63.697404994,5.62713098735,5.33025796245,15.598224,-4.0821137,18.6160703975,24.8980836602,11.1731822204,63.74547245,4.28055094156,3.60406989638,12.400767,-2.5300727,16.1159615165,13.6610205161,21.5397706405,179.220154088
5,137,11.168139977,6.69395001033,25.8152620042,2.60998795733,24.1840329671,30.6546560749,44.4035876379,474.94923561,-6.18054370824,6.32048316824,5.519832,-19.55105,25.4165531368,26.6951940251,11.1304428981,63.697404994,5.62713098735,5.33025796245,15.598224,-4.0821137,18.6160703975,24.8980836602,11.1731822204,63.74547245,4.28055094156,3.60406989638,12.400767,-2.5300727,16.1159615165,13.6610205161,21.5397706405,179.220154088
5,138,11.168139977,6.69395001033,25.8152620042,2.60998795733,24.1840329671,30.6546560749,44.4035876379,474.94923561,-6.18054370824,6.32048316824,5.519832,-19.55105,25.4165531368,26.6951940251,11.1304428981,63.697404994,5.62713098735,5.33025796245,15.598224,-4.0821137,18.6160703975,24.8980836602,11.1731822204,63.74547245,4.28055094156,3.60406989638,12.400767,-2.5300727,16.1159615165,13.6610205161,21.5397706405,179.220154088
5,139,11.168139977,6.69395001033,25.8152620042,2.60998795733,24.1840329671,30.6546560749,44.4035876379,474.94923561,-6.18054370824,6.32048316824,5.519832,-19.55105,25.4165531368,26.6951940251,11.1304428981,63.697404994,5.62713098735,5.33025796245,15.598224,-4.0821137,18.6160703975,24.8980836602,11.1731822204,63.74547245,4.28055094156,3.60406989638,12.400767,-2.5300727,16.1159615165,13.6610205161,21.5397706405,179.220154088
5,140,11.168139977,6.69395001033,25.8152620042,2.60998795733,24.1840329671,30.6546560749,44.4035876379,474.94923561,-6.18054370824,6.32048316824,5.519832,-19.55105,25.4165531368,26.6951940251,11.1304428981,63.697404994,5.62713098735,5.33025796245,15.598224,-4.0821137,18.6160703975,24.8980836602,11.1731822204,63.74547245,4.28055094156,3.60406989638,12.400767,-2.5300727,16.1159615165,13.6610205161,21.5397706405,179.220154088
5,141,11.168139977,6.69395001033,25.8152620042,2.60998795733,24.1840329671,30.6546560749,44.4035876379,474.94923561,-6.18054370824,6.32048316824,5.519832,-19.55105,25.4165531368,26.6951940251,11.1304428981,63.697404994,5.62713098735,5.33025796245,15.598224,-4.0821137,18.6160703975,24.8980836602,11.1731822204,63.74547245,4.28055094156,3.60406989638,12.400767,-2.5300727,16.1159615165,13.6610205161,21.5397706405,179.220154088
5,142,11.168139977,6.69395001033,25.8152620042,2.60998795733,24.1840329671,30.6546560749,44.4035876379,474.94923561,-6.18054370824,6.32048316824,5.519832,-19.55105,25.4165531368,26.6951940251,11.1304428981,63.697404994,5.62713098735,5.33025796245,15.598224,-4.0821137,18.6160703975,24.8980836602,11.1731822204,63.74547245,4.28055094156,3.60406989638,12.400767,-2.5300727,16.1159615165,13.6610205161,21.5397706405,179.220154088
5,143,10.8727563072,4.92570034392,25.8152620042,4.57493470167,23.2067682318,18.319671708,182.054120009,3344.39855835,-3.15566042657,5.66987196749,1.9063832,-19.55105,25.8256363871,22.1650660043,2.35385322935,4.85480409441,2.53749466264,4.94983855621,15.598224,-4.0821137,22.3079164231,19.6242182517,2.16185372771,2.9636277388,7.0517790118,4.43918287663,13.397953,-2.5300727,19.6636336749,17.981921897,50.1226916667,586.338250516
5,144,10.331879482,1.86687355037,13.5457647624,6.28514663985,8.83865339241,6.88828856081,2556.37614829,114287.944918,0.853310600571,0.99844600473,2.6898856,-1.1061212,4.74921035713,3.6554781746,4.90708559944,22.2196673219,0.0671915675,0.93948963125,1.762731,-1.7429788,4.28770028291,3.66287509023,0.725552315759,-0.8771533989,10.2029247714,1.87645615796,13.397953,6.1141925,8.82897068083,6.9937111593,2363.81240984,102948.03316
5,145,10.331879482,1.86687355037,13.5457647624,6.28514663985,8.83865339241,6.88828856081,2556.37614829,114287.944918,0.853310600571,0.99844600473,2.6898856,-1.1061212,4.74921035713,3.6554781746,4.90708559944,22.2196673219,0.0671915675,0.93948963125,1.762731,-1.7429788,4.28770028291,3.66287509023,0.725552315759,-0.8771533989,10.2029247714,1.87645615796,13.397953,6.1141925,8.82897068083,6.9937111593,2363.81240984,102948.03316
5,146,10.331879482,1.86687355037,13.5457647624,6.28514663985,8.83865339241,6.88828856081,2556.37614829,114287.944918,0.853310600571,0.99844600473,2.6898856,-1.1061212,4.74921035713,3.6554781746,4.90708559944,22.2196673219,0.0671915675,0.93948963125,1.762731,-1.7429788,4.28770028291,3.66287509023,0.725552315759,-0.8771533989,10.2029247714,1.87645615796,13.397953,6.1141925,8.82897068083,6.9937111593,2363.81240984,102948.03316
5,147,10.331879482,1.86687355037,13.5457647624,6.28514663985,8.83865339241,6.88828856081,2556.37614829,114287.944918,0.853310600571,0.99844600473,2.6898856,-1.1061212,4.74921035713,3.6554781746,4.90708559944,22.2196673219,0.0671915675,0.93948963125,1.762731,-1.7429788,4.28770028291,3.66287509023,0.725552315759,-0.8771533989,10.2029247714,1.87645615796,13.397953,6.1141925,8.82897068083,6.9937111593,2363.81240984,102948.03316
5,148,10.331879482,1.86687355037,13.5457647624,6.28514663985,8.83865339241,6.88828856081,2556.37614829,114287.944918,0.853310600571,0.99844600473,2.6898856,-1.1061212,4.74921035713,3.6554781746,4.90708559944,22.2196673219,0.0671915675,0.93948963125,1.762731,-1.7429788,4.28770028291,3.66287509023,0.725552315759,-0.8771533989,10.2029247714,1.87645615796,13.397953,6.1141925,8.82897068083,6.9937111593,2363.81240984,102948.03316
5,149,10.331879482,1.86687355037,13.5457647624,6.28514663985,8.83865339241,6.88828856081,2556.37614829,114287.944918,0.853310600571,0.99844600473,2.6898856,-1.1061212,4.74921035713,3.6554781746,4.90708559944,22.2196673219,0.0671915675,0.93948963125,1.762731,-1.7429788,4.28770028291,3.66287509023,0.725552315759,-0.8771533989,10.2029247714,1.87645615796,13.397953,6.1141925,8.82897068083,6.9937111593,2363.81240984,102948.03316
5,150,10.331879482,1.86687355037,13.5457647624,6.28514663985,8.83865339241,6.88828856081,2556.37614829,114287.944918,0.853310600571,0.99844600473,2.6898856,-1.1061212,4.74921035713,3.6554781746,4.90708559944,22.2196673219,0.0671915675,0.93948963125,1.762731,-1.7429788,4.28770028291,3.66287509023,0.725552315759,-0.8771533989,10.2029247714,1.87645615796,13.397953,6.1141925,8.82897068083,6.9937111593,2363.81240984,102948.03316
5,151,10.331879482,1.86687355037,13.5457647624,6.28514663985,8.83865339241,6.88828856081,2556.37614829,114287.944918,0.853310600571,0.99844600473,2.6898856,-1.1061212,4.74921035713,3.6554781746,4.90708559944,22.2196673219,0.0671915675,0.93948963125,1.762731,-1.7429788,4.28770028291,3.66287509023,0.725552315759,-0.8771533989,10.2029247714,1.87645615796,13.397953,6.1141925,8.82897068083,6.9937111593,2363.81240984,102948.03316
5,152,10.331879482,1.86687355037,13.5457647624,6.28514663985,8.83865339241,6.88828856081,2556.37614829,114287.944918,0.853310600571,0.99844600473,2.6898856,-1.1061212,4.74921035713,3.6554781746,4.90708559944,22.2196673219,0.0671915675,0.93948963125,1.762731,-1.7429788,4.28770028291,3.66287509023,0.725552315759,-0.8771533989,10.2029247714,1.87645615796,13.397953,6.1141925,8.82897068083,6.9937111593,2363.81240984,102948.03316
5,153,10.331879482,1.86687355037,13.5457647624,6.28514663985,8.83865339241,6.88828856081,2556.37614829,114287.944918,0.853310600571,0.99844600473,2.6898856,-1.1061212,4.74921035713,3.6554781746,4.90708559944,22.2196673219,0.0671915675,0.93948963125,1.762731,-1.7429788,4.28770028291,3.66287509023,0.725552315759,-0.8771533989,10.2029247714,1.87645615796,13.397953,6.1141925,8.82897068083,6.9937111593,2363.81240984,102948.03316
5,154,10.331879482,1.86687355037,13.5457647624,6.28514663985,8.83865339241,6.88828856081,2556.37614829,114287.944918,0.853310600571,0.99844600473,2.6898856,-1.1061212,4.74921035713,3.6554781746,4.90708559944,22.2196673219,0.0671915675,0.93948963125,1.762731,-1.7429788,4.28770028291,3.66287509023,0.725552315759,-0.8771533989,10.2029247714,1.87645615796,13.397953,6.1141925,8.82897068083,6.9937111593,2363.81240984,102948.03316
5,155,10.331879482,1.86687355037,13.5457647624,6.28514663985,8.83865339241,6.88828856081,2556.37614829,114287.944918,0.853310600571,0.99844600473,2.6898856,-1.1061212,4.74921035713,3.6554781746,4.90708559944,22.2196673219,0.0671915675,0.93948963125,1.762731,-1.7429788,4.28770028291,3.66287509023,0.725552315759,-0.8771533989,10.2029247714,1.87645615796,13.397953,6.1141925,8.82897068083,6.9937111593,2363.81240984,102948.03316
5,156,10.331879482,1.86687355037,13.5457647624,6.28514663985,8.83865339241,6.88828856081,2556.37614829,114287.944918,0.853310600571,0.99844600473,2.6898856,-1.1061212,4.74921035713,3.6554781746,4.90708559944,22.2196673219,0.0671915675,0.93948963125,1.762731,-1.7429788,4.28770028291,3.66287509023,0.725552315759,-0.8771533989,10.2029247714,1.87645615796,13.397953,6.1141925,8.82897068083,6.9937111593,2363.81240984,102948.03316
5,157,10.331879482,1.86687355037,13.5457647624,6.28514663985,8.83865339241,6.88828856081,2556.37614829,114287.944918,0.853310600571,0.99844600473,2.6898856,-1.1061212,4.74921035713,3.6554781746,4.90708559944,22.2196673219,0.0671915675,0.93948963125,1.762731,-1.7429788,4.28770028291,3.66287509023,0.725552315759,-0.8771533989,10.2029247714,1.87645615796,13.397953,6.1141925,8.82897068083,6.9937111593,2363.81240984,102948.03316
5,158,10.331879482,1.86687355037,13.5457647624,6.28514663985,8.83865339241,6.88828856081,2556.37614829,114287.944918,0.853310600571,0.99844600473,2.6898856,-1.1061212,4.74921035713,3.6554781746,4.90708559944,22.2196673219,0.0671915675,0.93948963125,1.762731,-1.7429788,4.28770028291,3.66287509023,0.725552315759,-0.8771533989,10.2029247714,1.87645615796,13.397953,6.1141925,8.82897068083,6.9937111593,2363.81240984,102948.03316
5,159,10.331879482,1.86687355037,13.5457647624,6.28514663985,8.83865339241,6.88828856081,2556.37614829,114287.944918,0.853310600571,0.99844600473,2.6898856,-1.1061212,4.74921035713,3.6554781746,4.90708559944,22.2196673219,0.0671915675,0.93948963125,1.762731,-1.7429788,4.28770028291,3.66287509023,0.725552315759,-0.8771533989,10.2029247714,1.87645615796,13.397953,6.1141925,8.82897068083,6.9937111593,2363.81240984,102948.03316
5,160,10.331879482,1.86687355037,13.5457647624,6.28514663985,8.83865339241,6.88828856081,2556.37614829,114287.944918,0.853310600571,0.99844600473,2.6898856,-1.1061212,4.74921035713,3.6554781746,4.90708559944,22.2196673219,0.0671915675,0.93948963125,1.762731,-1.7429788,4.28770028291,3.66287509023,0.725552315759,-0.8771533989,10.2029247714,1.87645615796,13.397953,6.1141925,8.82897068083,6.9937111593,2363.81240984,102948.03316
5,161,10.331879482,1.86687355037,13.5457647624,6.28514663985,8.83865339241,6.88828856081,2556.37614829,114287.944918,0.853310600571,0.99844600473,2.6898856,-1.1061212,4.74921035713,3.6554781746,4.90708559944,22.2196673219,0.0671915675,0.93948963125,1.762731,-1.7429788,4.28770028291,3.66287509023,0.725552315759,-0.8771533989,10.2029247714,1.87645615796,13.397953,6.1141925,8.82897068083,6.9937111593,2363.81240984,102948.03316
5,162,10.331879482,1.86687355037,13.5457647624,6.28514663985,8.83865339241,6.88828856081,2556.37614829,114287.944918,0.853310600571,0.99844600473,2.6898856,-1.1061212,4.74921035713,3.6554781746,4.90708559944,22.2196673219,0.0671915675,0.93948963125,1.762731,-1.7429788,4.28770028291,3.66287509023,0.725552315759,-0.8771533989,10.2029247714,1.87645615796,13.397953,6.1141925,8.82897068083,6.9937111593,2363.81240984,102948.03316
5,163,10.2290330789,1.16617488928,12.6910478626,7.63374814865,5.64687063843,3.7884658577,10729.1038638,766568.832878,0.534540745097,0.868712843248,2.6898856,-0.89064306,4.05778434095,3.04643723007,1.68007808174,2.28522864576,0.368865506765,0.813052388676,1.762731,-1.7429788,3.51363503462,3.18293752145,0.894460807088,-1.12247713084,10.1398492441,1.15716340553,12.504317,7.6003933,5.65702156995,3.67873584435,11197.6636821,811532.879548
5,164,10.1440247481,0.184116457864,10.6225001135,9.44936557582,0.984024994896,0.430483136754,384924.026624,89812747.3909,-0.0557740175061,0.116809564885,0.15322891,-0.38486794,0.588022751769,0.344336702199,0.0441804982257,-2.96154969963,0.438138913333,0.107031796595,0.56443304,0.1328782,0.539852778014,0.313710628432,36.0530234354,378.858288013,10.1331685606,0.183997701846,10.614694,9.442133,0.983502778848,0.429948256473,384118.395442,89562202.0752
5,165,10.1440247481,0.184116457864,10.6225001135,9.44936557582,0.984024994896,0.430483136754,384924.026624,89812747.3909,-0.0557740175061,0.116809564885,0.15322891,-0.38486794,0.588022751769,0.344336702199,0.0441804982257,-2.96154969963,0.438138913333,0.107031796595,0.56443304,0.1328782,0.539852778014,0.313710628432,36.0530234354,378.858288013,10.1331685606,0.183997701846,10.614694,9.442133,0.983502778848,0.429948256473,384118.395442,89562202.0752
5,166,10.1440247481,0.184116457864,10.6225001135,9.44936557582,0.984024994896,0.430483136754,384924.026624,89812747.3909,-0.0557740175061,0.116809564885,0.15322891,-0.38486794,0.588022751769,0.344336702199,0.0441804982257,-2.96154969963,0.438138913333,0.107031796595,0.56443304,0.1328782,0.539852778014,0.313710628432,36.0530234354,378.858288013,10.1331685606,0.183997701846,10.614694,9.442133,0.983502778848,0.429948256473,384118.395442,89562202.0752
5,167,10.1440247481,0.184116457864,10.6225001135,9.44936557582,0.984024994896,0.430483136754,384924.026624,89812747.3909,-0.0557740175061,0.116809564885,0.15322891,-0.38486794,0.588022751769,0.344336702199,0.0441804982257,-2.96154969963,0.438138913333,0.107031796595,0.56443304,0.1328782,0.539852778014,0.313710628432,36.0530234354,378.858288013,10.1331685606,0.183997701846,10.614694,9.442133,0.983502778848,0.429948256473,384118.395442,89562202.0752
5,168,10.1440247481,0.184116457864,10.6225001135,9.44936557582,0.984024994896,0.430483136754,384924.026624,89812747.3909,-0.0557740175061,0.116809564885,0.15322891,-0.38486794,0.588022751769,0.344336702199,0.0441804982257,-2.96154969963,0.438138913333,0.107031796595,0.56443304,0.1328782,0.539852778014,0.313710628432,36.0530234354,378.858288013,10.1331685606,0.183997701846,10.614694,9.442133,0.983502778848,0.429948256473,384118.395442,89562202.0752
5,169,10.1440247481,0.184116457864,10.6225001135,9.44936557582,0.984024994896,0.430483136754,384924.026624,89812747.3909,-0.0557740175061,0.116809564885,0.15322891,-0.38486794,0.588022751769,0.344336702199,0.0441804982257,-2.96154969963,0.438138913333,0.107031796595,0.56443304,0.1328782,0.539852778014,0.313710628432,36.0530234354,378.858288013,10.1331685606,0.183997701846,10.614694,9.442133,0.983502778848,0.429948256473,384118.395442,89562202.0752
5,170,10.1440247481,0.184116457864,10.6225001135,9.44936557582,0.984024994896,0.430483136754,384924.026624,89812747.3909,-0.0557740175061,0.116809564885,0.15322891,-0.38486794,0.588022751769,0.344336702199,0.0441804982257,-2.96154969963,0.438138913333,0.107031796595,0.56443304,0.1328782,0.539852778014,0.313710628432,36.0530234354,378.858288013,10.1331685606,0.183997701846,10.614694,9.442133,0.983502778848,0.429948256473,384118.395442,89562202.0752
5,171,10.1440247481,0.184116457864,10.6225001135,9.44936557582,0.984024994896,0.430483136754,384924.026624,89812747.3909,-0.0557740175061,0.116809564885,0.15322891,-0.38486794,0.588022751769,0.344336702199,0.0441804982257,-2.96154969963,0.438138913333,0.107031796595,0.56443304,0.1328782,0.539852778014,0.313710628432,36.0530234354,378.858288013,10.1331685606,0.183997701846,10.614694,9.442133,0.983502778848,0.429948256473,384118.395442,89562202.0752
5,172,10.1440247481,0.184116457864,10.6225001135,9.44936557582,0.984024994896,0.430483136754,384924.026624,89812747.3909,-0.0557740175061,0.116809564885,0.15322891,-0.38486794,0.588022751769,0.344336702199,0.0441804982257,-2.96154969963,0.438138913333,0.107031796595,0.56443304,0.1328782,0.539852778014,0.313710628432,36.0530234354,378.858288013,10.1331685606,0.183997701846,10.614694,9.442133,0.983502778848,0.429948256473,384118.395442,89562202.0752
5,173,10.1440247481,0.184116457864,10.6225001135,9.44936557582,0.984024994896,0.430483136754,384924.026624,89812747.3909,-0.0557740175061,0.116809564885,0.15322891,-0.38486794,0.588022751769,0.344336702199,0.0441804982257,-2.96154969963,0.438138913333,0.107031796595,0.56443304,0.1328782,0.539852778014,0.313710628432,36.0530234354,378.858288013,10.1331685606,0.183997701846,10.614694,9.442133,0.983502778848,0.429948256473,384118.395442,89562202.0752
5,174,10.1440247481,0.184116457864,10.6225001135,9.44936557582,0.984024994896,0.430483136754,384924.026624,89812747.3909,-0.0557740175061,0.116809564885,0.15322891,-0.38486794,0.588022751769,0.344336702199,0.0441804982257,-2.96154969963,0.438138913333,0.107031796595,0.56443304,0.1328782,0.539852778014,0.313710628432,36.0530234354,378.858288013,10.1331685606,0.183997701846,10.614694,9.442133,0.983502778848,0.429948256473,384118.395442,89562202.0752
5,175,10.1440247481,0.184116457864,10.6225001135,9.44936557582,0.984024994896,0.430483136754,384924.026624,89812747.3909,-0.0557740175061,0.116809564885,0.15322891,-0.38486794,0.588022751769,0.344336702199,0.0441804982257,-2.96154969963,0.438138913333,0.107031796595,0.56443304,0.1328782,0.539852778014,0.313710628432,36.0530234354,378.858288013,10.1331685606,0.183997701846,10.614694,9.442133,0.983502778848,0.429948256473,384118.395442,89562202.0752
5,176,10.1440247481,0.184116457864,10.6225001135,9.44936557582,0.984024994896,0.430483136754,384924.026624,89812747.3909,-0.0557740175061,0.116809564885,0.15322891,-0.38486794,0.588022751769,0.344336702199,0.0441804982257,-2.96154969963,0.438138913333,0.107031796595,0.56443304,0.1328782,0.539852778014,0.313710628432,36.0530234354,378.858288013,10.1331685606,0.183997701846,10.614694,9.442133,0.983502778848,0.429948256473,384118.395442,89562202.0752
5,177,10.1440247481,0.184116457864,10.6225001135,9.44936557582,0.984024994896,0.430483136754,384924.026624,89812747.3909,-0.0557740175061,0.116809564885,0.15322891,-0.38486794,0.588022751769,0.344336702199,0.0441804982257,-2.96154969963,0.438138913333,0.107031796595,0.56443304,0.1328782,0.539852778014,0.313710628432,36.0530234354,378.858288013,10.1331685606,0.183997701846,10.614694,9.442133,0.983502778848,0.429948256473,384118.395442,89562202.0752
5,178,10.1440247481,0.184116457864,10.6225001135,9.44936557582,0.984024994896,0.430483136754,384924.026624,89812747.3909,-0.0557740175061,0.116809564885,0.15322891,-0.38486794,0.588022751769,0.344336702199,0.0441804982257,-2.96154969963,0.438138913333,0.107031796595,0.56443304,0.1328782,0.539852778014,0.313710628432,36.0530234354,378.858288013,10.1331685606,0.183997701846,10.614694,9.442133,0.983502778848,0.429948256473,384118.395442,89562202.0752
5,179,10.1440247481,0.184116457864,10.6225001135,9.44936557582,0.984024994896,0.430483136754,384924.026624,89812747.3909,-0.0557740175061,0.116809564885,0.15322891,-0.38486794,0.588022751769,0.344336702199,0.0441804982257,-2.96154969963,0.438138913333,0.107031796595,0.56443304,0.1328782,0.539852778014,0.313710628432,36.0530234354,378.858288013,10.1331685606,0.183997701846,10.614694,9.442133,0.983502778848,0.429948256473,384118.395442,89562202.0752
5,180,10.1440247481,0.184116457864,10.6225001135,9.44936557582,0.984024994896,0.430483136754,384924.026624,89812747.3909,-0.0557740175061,0.116809564885,0.15322891,-0.38486794,0.588022751769,0.344336702199,0.0441804982257,-2.96154969963,0.438138913333,0.107031796595,0.56443304,0.1328782,0.539852778014,0.313710628432,36.0530234354,378.858288013,10.1331685606,0.183997701846,10.614694,9.442133,0.983502778848,0.429948256473,384118.395442,89562202.0752
5,181,10.1440247481,0.184116457864,10.6225001135,9.44936557582,0.984024994896,0.430483136754,384924.026624,89812747.3909,-0.0557740175061,0.116809564885,0.15322891,-0.38486794,0.588022751769,0.344336702199,0.0441804982257,-2.96154969963,0.438138913333,0.107031796595,0.56443304,0.1328782,0.539852778014,0.313710628432,36.0530234354,378.858288013,10.1331685606,0.183997701846,10.614694,9.442133,0.983502778848,0.429948256473,384118.395442,89562202.0752
5,182,10.1440247481,0.184116457864,10.6225001135,9.44936557582,0.984024994896,0.430483136754,384924.026624,89812747.3909,-0.0557740175061,0.116809564885,0.15322891,-0.38486794,0.588022751769,0.344336702199,0.0441804982257,-2.96154969963,0.438138913333,0.107031796595,0.56443304,0.1328782,0.539852778014,0.313710628432,36.0530234354,378.858288013,10.1331685606,0.183997701846,10.614694,9.442133,0.983502778848,0.429948256473,384118.395442,89562202.0752
